year,country ,total_year 
2011,Afghanistan,111
2011,Albania,258
2011,Algeria,36
2011,Angola,28
2011,Antigua an0 Barbu0a,47
2011,Argentina,421
2011,Armenia,232
2011,Australia,75
2011,Austria,23
2011,Azerbaijan,37
2011,Bahamas,311
2011,Bangla0esh,272
2011,Barba0os,77
2011,Belarus,58
2011,Belgium,35
2011,Belize,361
2011,Benin,18
2011,Bhutan,6
2011,Bolivia,387
2011,Bosnia an0 Herzegovina,201
2011,Brazil,"3,228"
2011,Bulgaria,95
2011,Burkina Faso,20
2011,Burma,35
2011,Burun0i,17
2011,Cabo Ver0e,105
2011,Cambo0ia,347
2011,Cameroon,164
2011,Cana0a,"1,131"
2011,Central African Republic,10
2011,Cha0,8
2011,Chile,248
2011,"China, People's Republic","2,604"
2011,Colombia,"2,755"
2011,"Congo, 0emocratic Republic",26
2011,"Congo, Republic",63
2011,Costa Rica,503
2011,Cote 0'Ivoire,102
2011,Croatia,31
2011,Cuba,"4,801"
2011,Czechia,71
2011,Czechoslovakia (former),21
2011,0ominica,65
2011,0ominican Republic,"4,433"
2011,Ecua0or,"3,298"
2011,Egypt,237
2011,El Salva0or,"27,652"
2011,Eritrea,63
2011,Estonia,35
2011,Ethiopia,219
2011,Fiji,87
2011,France,145
2011,Gabon,13
2011,Gambia,148
2011,Georgia,101
2011,Germany,198
2011,Ghana,435
2011,Greece,48
2011,Grena0a,61
2011,Guatemala,"41,708"
2011,Guinea,147
2011,Guyana,411
2011,Haiti,"1,351"
2011,Hon0uras,"31,189"
2011,Hungary,106
2011,In0ia,"3,859"
2011,In0onesia,327
2011,Iran,305
2011,Iraq,285
2011,Irelan0,88
2011,Israel,254
2011,Italy,149
2011,Jamaica,"2,862"
2011,Japan,63
2011,Jor0an,305
2011,Kazakhstan,117
2011,Kenya,539
2011,"Korea, South",714
2011,Kosovo,36
2011,Kuwait,23
2011,Kyrgyzstan,44
2011,Laos,758
2011,Latvia,38
2011,Lebanon,171
2011,Liberia,309
2011,Libya,24
2011,Lithuania,77
2011,Malawi,21
2011,Malaysia,53
2011,Mali,112
2011,Marshall Islan0s,21
2011,Mauritania,70
2011,Me0ico,"517,472"
2011,"Micronesia, Fe0erate0 States",106
2011,Mol0ova,144
2011,Mongolia,129
2011,Montenegro,11
2011,Morocco,173
2011,Nepal,180
2011,Netherlan0s,85
2011,New Zealan0,63
2011,Nicaragua,"2,278"
2011,Niger,48
2011,Nigeria,633
2011,North Mace0onia,51
2011,Pakistan,538
2011,Palau,20
2011,Panama,226
2011,Paraguay,35
2011,Peru,"1,741"
2011,Philippines,"1,135"
2011,Polan0,519
2011,Portugal,194
2011,Romania,869
2011,Russia,526
2011,Rwan0a,19
2011,Saint Kitts an0 Nevis,46
2011,Saint Lucia,58
2011,Saint Vincent an0 the Grena0ines,50
2011,Samoa,36
2011,Sau0i Arabia,127
2011,Senegal,158
2011,Serbia,22
2011,Serbia an0 Montenegro (former),142
2011,Sierra Leone,171
2011,Singapore,12
2011,Slovakia,29
2011,Somalia,336
2011,South Africa,123
2011,South Su0an,0
2011,Soviet Union (former),92
2011,Spain,126
2011,Sri Lanka,316
2011,Su0an,226
2011,Suriname,19
2011,Swe0en,42
2011,Switzerlan0,19
2011,Syria,114
2011,Taiwan,75
2011,Tajikistan,82
2011,Tanzania,64
2011,Thailan0,257
2011,Togo,43
2011,Tonga,82
2011,Trini0a0 an0 Tobago,596
2011,Tunisia,43
2011,Turkey,224
2011,Turkmenistan,8
2011,Ugan0a,66
2011,Ukraine,393
2011,Unite0 Arab Emirates,0
2011,Unite0 King0om,581
2011,Uruguay,239
2011,Uzbekistan,135
2011,Venezuela,575
2011,Vietnam,"1,413"
2011,Yemen,86
2011,Zambia,49
2011,Zimbabwe,88
2011,All other countries3,98
2011,Unknown,793
2011,Total,"678,606"
2012,Afghanistan,98
2012,Albania,277
2012,Algeria,42
2012,Angola,22
2012,Antigua an0 Barbu0a,56
2012,Argentina,324
2012,Armenia,217
2012,Australia,55
2012,Austria,12
2012,Azerbaijan,29
2012,Bahamas,275
2012,Bangla0esh,262
2012,Barba0os,80
2012,Belarus,51
2012,Belgium,17
2012,Belize,316
2012,Benin,11
2012,Bhutan,5
2012,Bolivia,290
2012,Bosnia an0 Herzegovina,198
2012,Brazil,"2,433"
2012,Bulgaria,110
2012,Burkina Faso,29
2012,Burma,54
2012,Burun0i,27
2012,Cabo Ver0e,110
2012,Cambo0ia,268
2012,Cameroon,130
2012,Cana0a,"1,172"
2012,Central African Republic,9
2012,Cha0,7
2012,Chile,193
2012,"China, People's Republic","2,435"
2012,Colombia,"2,201"
2012,"Congo, 0emocratic Republic",28
2012,"Congo, Republic",75
2012,Costa Rica,518
2012,Cote 0'Ivoire,112
2012,Croatia,31
2012,Cuba,"4,121"
2012,Czechia,68
2012,Czechoslovakia (former),20
2012,0ominica,41
2012,0ominican Republic,"4,506"
2012,Ecua0or,"4,374"
2012,Egypt,190
2012,El Salva0or,"38,976"
2012,Eritrea,37
2012,Estonia,30
2012,Ethiopia,220
2012,Fiji,79
2012,France,131
2012,Gabon,13
2012,Gambia,119
2012,Georgia,58
2012,Germany,186
2012,Ghana,340
2012,Greece,34
2012,Grena0a,35
2012,Guatemala,"57,486"
2012,Guinea,142
2012,Guyana,360
2012,Haiti,"1,492"
2012,Hon0uras,"50,771"
2012,Hungary,111
2012,In0ia,"1,566"
2012,In0onesia,219
2012,Iran,301
2012,Iraq,244
2012,Irelan0,89
2012,Israel,192
2012,Italy,153
2012,Jamaica,"2,655"
2012,Japan,59
2012,Jor0an,281
2012,Kazakhstan,108
2012,Kenya,494
2012,"Korea, South",627
2012,Kosovo,26
2012,Kuwait,22
2012,Kyrgyzstan,40
2012,Laos,754
2012,Latvia,35
2012,Lebanon,128
2012,Liberia,314
2012,Libya,23
2012,Lithuania,84
2012,Malawi,14
2012,Malaysia,49
2012,Mali,100
2012,Marshall Islan0s,28
2012,Mauritania,55
2012,Me0ico,"468,766"
2012,"Micronesia, Fe0erate0 States",106
2012,Mol0ova,93
2012,Mongolia,95
2012,Montenegro,18
2012,Morocco,149
2012,Nepal,248
2012,Netherlan0s,68
2012,New Zealan0,35
2012,Nicaragua,"2,532"
2012,Niger,50
2012,Nigeria,543
2012,North Mace0onia,43
2012,Pakistan,470
2012,Palau,26
2012,Panama,197
2012,Paraguay,33
2012,Peru,"1,588"
2012,Philippines,927
2012,Polan0,494
2012,Portugal,215
2012,Romania,"1,220"
2012,Russia,414
2012,Rwan0a,13
2012,Saint Kitts an0 Nevis,49
2012,Saint Lucia,57
2012,Saint Vincent an0 the Grena0ines,41
2012,Samoa,32
2012,Sau0i Arabia,198
2012,Senegal,164
2012,Serbia,13
2012,Serbia an0 Montenegro (former),86
2012,Sierra Leone,162
2012,Singapore,7
2012,Slovakia,44
2012,Somalia,316
2012,South Africa,95
2012,South Su0an,3
2012,Soviet Union (former),115
2012,Spain,139
2012,Sri Lanka,223
2012,Su0an,253
2012,Suriname,20
2012,Swe0en,33
2012,Switzerlan0,14
2012,Syria,57
2012,Taiwan,46
2012,Tajikistan,51
2012,Tanzania,73
2012,Thailan0,276
2012,Togo,46
2012,Tonga,86
2012,Trini0a0 an0 Tobago,498
2012,Tunisia,33
2012,Turkey,265
2012,Turkmenistan,10
2012,Ugan0a,44
2012,Ukraine,394
2012,Unite0 Arab Emirates,10
2012,Unite0 King0om,516
2012,Uruguay,144
2012,Uzbekistan,129
2012,Venezuela,547
2012,Vietnam,"1,313"
2012,Yemen,69
2012,Zambia,50
2012,Zimbabwe,63
2012,All other countries3,97
2012,Unknown,924
2012,Total,"671,327"
2013,Afghanistan,70
2013,Albania,423
2013,Algeria,27
2013,Angola,16
2013,Antigua an0 Barbu0a,40
2013,Argentina,235
2013,Armenia,141
2013,Australia,69
2013,Austria,14
2013,Azerbaijan,36
2013,Bahamas,288
2013,Bangla0esh,366
2013,Barba0os,45
2013,Belarus,42
2013,Belgium,25
2013,Belize,293
2013,Benin,9
2013,Bhutan,5
2013,Bolivia,226
2013,Bosnia an0 Herzegovina,179
2013,Brazil,"1,702"
2013,Bulgaria,52
2013,Burkina Faso,19
2013,Burma,48
2013,Burun0i,21
2013,Cabo Ver0e,66
2013,Cambo0ia,204
2013,Cameroon,102
2013,Cana0a,822
2013,Central African Republic,14
2013,Cha0,12
2013,Chile,128
2013,"China, People's Republic","1,992"
2013,Colombia,"1,987"
2013,"Congo, 0emocratic Republic",28
2013,"Congo, Republic",39
2013,Costa Rica,409
2013,Cote 0'Ivoire,80
2013,Croatia,29
2013,Cuba,"2,809"
2013,Czechia,56
2013,Czechoslovakia (former),15
2013,0ominica,41
2013,0ominican Republic,"3,893"
2013,Ecua0or,"5,680"
2013,Egypt,192
2013,El Salva0or,"51,226"
2013,Eritrea,40
2013,Estonia,18
2013,Ethiopia,144
2013,Fiji,67
2013,France,107
2013,Gabon,10
2013,Gambia,100
2013,Georgia,65
2013,Germany,153
2013,Ghana,272
2013,Greece,29
2013,Grena0a,44
2013,Guatemala,"73,208"
2013,Guinea,112
2013,Guyana,292
2013,Haiti,"1,992"
2013,Hon0uras,"64,157"
2013,Hungary,88
2013,In0ia,"1,791"
2013,In0onesia,126
2013,Iran,257
2013,Iraq,169
2013,Irelan0,70
2013,Israel,213
2013,Italy,138
2013,Jamaica,"2,147"
2013,Japan,47
2013,Jor0an,198
2013,Kazakhstan,71
2013,Kenya,341
2013,"Korea, South",470
2013,Kosovo,30
2013,Kuwait,26
2013,Kyrgyzstan,89
2013,Laos,561
2013,Latvia,36
2013,Lebanon,103
2013,Liberia,231
2013,Libya,16
2013,Lithuania,65
2013,Malawi,10
2013,Malaysia,31
2013,Mali,83
2013,Marshall Islan0s,35
2013,Mauritania,57
2013,Me0ico,"424,978"
2013,"Micronesia, Fe0erate0 States",113
2013,Mol0ova,93
2013,Mongolia,66
2013,Montenegro,6
2013,Morocco,135
2013,Nepal,448
2013,Netherlan0s,65
2013,New Zealan0,30
2013,Nicaragua,"2,712"
2013,Niger,39
2013,Nigeria,492
2013,North Mace0onia,30
2013,Pakistan,334
2013,Palau,21
2013,Panama,184
2013,Paraguay,30
2013,Peru,"1,682"
2013,Philippines,721
2013,Polan0,328
2013,Portugal,131
2013,Romania,865
2013,Russia,320
2013,Rwan0a,21
2013,Saint Kitts an0 Nevis,32
2013,Saint Lucia,45
2013,Saint Vincent an0 the Grena0ines,43
2013,Samoa,37
2013,Sau0i Arabia,264
2013,Senegal,132
2013,Serbia,35
2013,Serbia an0 Montenegro (former),64
2013,Sierra Leone,145
2013,Singapore,16
2013,Slovakia,23
2013,Somalia,214
2013,South Africa,79
2013,South Su0an,42
2013,Soviet Union (former),89
2013,Spain,98
2013,Sri Lanka,134
2013,Su0an,168
2013,Suriname,15
2013,Swe0en,27
2013,Switzerlan0,11
2013,Syria,72
2013,Taiwan,55
2013,Tajikistan,33
2013,Tanzania,72
2013,Thailan0,246
2013,Togo,20
2013,Tonga,49
2013,Trini0a0 an0 Tobago,419
2013,Tunisia,24
2013,Turkey,216
2013,Turkmenistan,4
2013,Ugan0a,49
2013,Ukraine,290
2013,Unite0 Arab Emirates,11
2013,Unite0 King0om,437
2013,Uruguay,116
2013,Uzbekistan,116
2013,Venezuela,366
2013,Vietnam,875
2013,Yemen,68
2013,Zambia,31
2013,Zimbabwe,48
2013,All other countries3,63
2013,Unknown,722
2013,Total,"662,483"
2014,Afghanistan,66
2014,Albania,408
2014,Algeria,42
2014,Angola,13
2014,Antigua an0 Barbu0a,31
2014,Argentina,212
2014,Armenia,161
2014,Australia,50
2014,Austria,5
2014,Azerbaijan,38
2014,Bahamas,196
2014,Bangla0esh,476
2014,Barba0os,47
2014,Belarus,20
2014,Belgium,13
2014,Belize,258
2014,Benin,10
2014,Bhutan,7
2014,Bolivia,194
2014,Bosnia an0 Herzegovina,131
2014,Brazil,"1,643"
2014,Bulgaria,49
2014,Burkina Faso,17
2014,Burma,48
2014,Burun0i,22
2014,Cabo Ver0e,35
2014,Cambo0ia,147
2014,Cameroon,70
2014,Cana0a,775
2014,Central African Republic,8
2014,Cha0,13
2014,Chile,116
2014,"China, People's Republic","2,631"
2014,Colombia,"1,522"
2014,"Congo, 0emocratic Republic",31
2014,"Congo, Republic",26
2014,Costa Rica,378
2014,Cote 0'Ivoire,45
2014,Croatia,13
2014,Cuba,"2,872"
2014,Czechia,35
2014,Czechoslovakia (former),12
2014,0ominica,24
2014,0ominican Republic,"3,455"
2014,Ecua0or,"6,276"
2014,Egypt,181
2014,El Salva0or,"79,321"
2014,Eritrea,52
2014,Estonia,16
2014,Ethiopia,152
2014,Fiji,35
2014,France,107
2014,Gabon,15
2014,Gambia,69
2014,Georgia,52
2014,Germany,103
2014,Ghana,212
2014,Greece,35
2014,Grena0a,33
2014,Guatemala,"97,151"
2014,Guinea,69
2014,Guyana,248
2014,Haiti,"1,810"
2014,Hon0uras,"106,928"
2014,Hungary,76
2014,In0ia,"2,106"
2014,In0onesia,102
2014,Iran,223
2014,Iraq,173
2014,Irelan0,47
2014,Israel,303
2014,Italy,116
2014,Jamaica,"1,677"
2014,Japan,43
2014,Jor0an,282
2014,Kazakhstan,75
2014,Kenya,423
2014,"Korea, South",349
2014,Kosovo,17
2014,Kuwait,22
2014,Kyrgyzstan,52
2014,Laos,335
2014,Latvia,41
2014,Lebanon,117
2014,Liberia,176
2014,Libya,36
2014,Lithuania,48
2014,Malawi,13
2014,Malaysia,30
2014,Mali,89
2014,Marshall Islan0s,66
2014,Mauritania,25
2014,Me0ico,"350,177"
2014,"Micronesia, Fe0erate0 States",95
2014,Mol0ova,57
2014,Mongolia,52
2014,Montenegro,11
2014,Morocco,135
2014,Nepal,555
2014,Netherlan0s,51
2014,New Zealan0,34
2014,Nicaragua,"2,912"
2014,Niger,34
2014,Nigeria,396
2014,North Mace0onia,22
2014,Pakistan,350
2014,Palau,23
2014,Panama,100
2014,Paraguay,16
2014,Peru,"1,568"
2014,Philippines,592
2014,Polan0,266
2014,Portugal,91
2014,Romania,"1,038"
2014,Russia,262
2014,Rwan0a,12
2014,Saint Kitts an0 Nevis,20
2014,Saint Lucia,44
2014,Saint Vincent an0 the Grena0ines,31
2014,Samoa,20
2014,Sau0i Arabia,226
2014,Senegal,98
2014,Serbia,40
2014,Serbia an0 Montenegro (former),58
2014,Sierra Leone,96
2014,Singapore,9
2014,Slovakia,28
2014,Somalia,169
2014,South Africa,63
2014,South Su0an,21
2014,Soviet Union (former),64
2014,Spain,129
2014,Sri Lanka,95
2014,Su0an,132
2014,Suriname,8
2014,Swe0en,24
2014,Switzerlan0,12
2014,Syria,61
2014,Taiwan,35
2014,Tajikistan,35
2014,Tanzania,129
2014,Thailan0,197
2014,Togo,23
2014,Tonga,44
2014,Trini0a0 an0 Tobago,303
2014,Tunisia,46
2014,Turkey,243
2014,Turkmenistan,9
2014,Ugan0a,28
2014,Ukraine,183
2014,Unite0 Arab Emirates,9
2014,Unite0 King0om,295
2014,Uruguay,91
2014,Uzbekistan,109
2014,Venezuela,280
2014,Vietnam,634
2014,Yemen,67
2014,Zambia,27
2014,Zimbabwe,36
2014,All other countries3,61
2014,Unknown,523
2014,Total,"679,996"
2015,Afghanistan,71
2015,Albania,91
2015,Algeria,26
2015,Angola,11
2015,Antigua an0 Barbu0a,21
2015,Argentina,123
2015,Armenia,88
2015,Australia,30
2015,Austria,9
2015,Azerbaijan,23
2015,Bahamas,185
2015,Bangla0esh,467
2015,Barba0os,28
2015,Belarus,15
2015,Belgium,11
2015,Belize,140
2015,Benin,19
2015,Bhutan,22
2015,Bolivia,116
2015,Bosnia an0 Herzegovina,115
2015,Brazil,"1,911"
2015,Bulgaria,36
2015,Burkina Faso,6
2015,Burma,47
2015,Burun0i,9
2015,Cabo Ver0e,32
2015,Cambo0ia,130
2015,Cameroon,47
2015,Cana0a,648
2015,Central African Republic,0
2015,Cha0,8
2015,Chile,82
2015,"China, People's Republic","1,894"
2015,Colombia,"1,351"
2015,"Congo, 0emocratic Republic",17
2015,"Congo, Republic",13
2015,Costa Rica,213
2015,Cote 0'Ivoire,34
2015,Croatia,16
2015,Cuba,"2,281"
2015,Czechia,23
2015,Czechoslovakia (former),7
2015,0ominica,15
2015,0ominican Republic,"2,797"
2015,Ecua0or,"3,438"
2015,Egypt,147
2015,El Salva0or,"51,200"
2015,Eritrea,45
2015,Estonia,12
2015,Ethiopia,93
2015,Fiji,22
2015,France,42
2015,Gabon,0
2015,Gambia,33
2015,Georgia,29
2015,Germany,79
2015,Ghana,138
2015,Greece,13
2015,Grena0a,24
2015,Guatemala,"66,982"
2015,Guinea,34
2015,Guyana,196
2015,Haiti,"1,124"
2015,Hon0uras,"42,433"
2015,Hungary,54
2015,In0ia,"2,967"
2015,In0onesia,52
2015,Iran,154
2015,Iraq,152
2015,Irelan0,29
2015,Israel,235
2015,Italy,86
2015,Jamaica,"1,176"
2015,Japan,18
2015,Jor0an,293
2015,Kazakhstan,45
2015,Kenya,415
2015,"Korea, South",255
2015,Kosovo,20
2015,Kuwait,34
2015,Kyrgyzstan,40
2015,Laos,184
2015,Latvia,39
2015,Lebanon,94
2015,Liberia,143
2015,Libya,22
2015,Lithuania,27
2015,Malawi,7
2015,Malaysia,14
2015,Mali,40
2015,Marshall Islan0s,34
2015,Mauritania,14
2015,Me0ico,"267,885"
2015,"Micronesia, Fe0erate0 States",80
2015,Mol0ova,63
2015,Mongolia,27
2015,Montenegro,9
2015,Morocco,96
2015,Nepal,443
2015,Netherlan0s,47
2015,New Zealan0,23
2015,Nicaragua,"1,577"
2015,Niger,24
2015,Nigeria,274
2015,North Mace0onia,19
2015,Pakistan,287
2015,Palau,10
2015,Panama,92
2015,Paraguay,8
2015,Peru,827
2015,Philippines,334
2015,Polan0,205
2015,Portugal,57
2015,Romania,537
2015,Russia,159
2015,Rwan0a,14
2015,Saint Kitts an0 Nevis,21
2015,Saint Lucia,30
2015,Saint Vincent an0 the Grena0ines,15
2015,Samoa,11
2015,Sau0i Arabia,276
2015,Senegal,41
2015,Serbia,20
2015,Serbia an0 Montenegro (former),29
2015,Sierra Leone,65
2015,Singapore,0
2015,Slovakia,15
2015,Somalia,131
2015,South Africa,43
2015,South Su0an,14
2015,Soviet Union (former),19
2015,Spain,84
2015,Sri Lanka,128
2015,Su0an,81
2015,Suriname,8
2015,Swe0en,14
2015,Switzerlan0,3
2015,Syria,57
2015,Taiwan,38
2015,Tajikistan,36
2015,Tanzania,42
2015,Thailan0,84
2015,Togo,10
2015,Tonga,26
2015,Trini0a0 an0 Tobago,195
2015,Tunisia,31
2015,Turkey,194
2015,Turkmenistan,11
2015,Ugan0a,14
2015,Ukraine,154
2015,Unite0 Arab Emirates,8
2015,Unite0 King0om,231
2015,Uruguay,44
2015,Uzbekistan,73
2015,Venezuela,180
2015,Vietnam,433
2015,Yemen,71
2015,Zambia,19
2015,Zimbabwe,22
2015,All other countries3,49
2015,Unknown,261
2015,Total ,"462,388"
2016,Afghanistan,84
2016,Albania,152
2016,Algeria,38
2016,Angola,6
2016,Antigua an0 Barbu0a,16
2016,Argentina,82
2016,Armenia,87
2016,Australia,21
2016,Austria,4
2016,Azerbaijan,22
2016,Bahamas,151
2016,Bangla0esh,796
2016,Barba0os,20
2016,Belarus,18
2016,Belgium,15
2016,Belize,150
2016,Benin,8
2016,Bhutan,14
2016,Bolivia,107
2016,Bosnia an0 Herzegovina,103
2016,Brazil,"3,738"
2016,Bulgaria,28
2016,Burkina Faso,15
2016,Burma,56
2016,Burun0i,20
2016,Cabo Ver0e,34
2016,Cambo0ia,203
2016,Cameroon,54
2016,Cana0a,509
2016,Central African Republic,6
2016,Cha0,5
2016,Chile,87
2016,"China, People's Republic","3,219"
2016,Colombia,"1,209"
2016,"Congo, 0emocratic Republic",39
2016,"Congo, Republic",29
2016,Costa Rica,214
2016,Cote 0'Ivoire,17
2016,Croatia,5
2016,Cuba,"3,061"
2016,Czechia,26
2016,Czechoslovakia (former),6
2016,0ominica,18
2016,0ominican Republic,"2,770"
2016,Ecua0or,"3,472"
2016,Egypt,117
2016,El Salva0or,"78,983"
2016,Eritrea,33
2016,Estonia,12
2016,Ethiopia,70
2016,Fiji,22
2016,France,52
2016,Gabon,3
2016,Gambia,41
2016,Georgia,50
2016,Germany,87
2016,Ghana,174
2016,Greece,28
2016,Grena0a,13
2016,Guatemala,"84,649"
2016,Guinea,49
2016,Guyana,142
2016,Haiti,"1,113"
2016,Hon0uras,"61,222"
2016,Hungary,42
2016,In0ia,"4,123"
2016,In0onesia,39
2016,Iran,111
2016,Iraq,156
2016,Irelan0,37
2016,Israel,92
2016,Italy,81
2016,Jamaica,"1,012"
2016,Japan,11
2016,Jor0an,167
2016,Kazakhstan,25
2016,Kenya,189
2016,"Korea, South",188
2016,Kosovo,38
2016,Kuwait,18
2016,Kyrgyzstan,18
2016,Laos,194
2016,Latvia,10
2016,Lebanon,58
2016,Liberia,152
2016,Libya,16
2016,Lithuania,24
2016,Malawi,6
2016,Malaysia,9
2016,Mali,32
2016,Marshall Islan0s,26
2016,Mauritania,12
2016,Me0ico,"265,747"
2016,"Micronesia, Fe0erate0 States",88
2016,Mol0ova,37
2016,Mongolia,27
2016,Montenegro,7
2016,Morocco,61
2016,Nepal,580
2016,Netherlan0s,22
2016,New Zealan0,12
2016,Nicaragua,"1,756"
2016,Niger,11
2016,Nigeria,253
2016,North Mace0onia,22
2016,Pakistan,522
2016,Palau,20
2016,Panama,95
2016,Paraguay,14
2016,Peru,799
2016,Philippines,263
2016,Polan0,136
2016,Portugal,58
2016,Romania,"2,167"
2016,Russia,128
2016,Rwan0a,14
2016,Saint Kitts an0 Nevis,7
2016,Saint Lucia,21
2016,Saint Vincent an0 the Grena0ines,17
2016,Samoa,25
2016,Sau0i Arabia,189
2016,Senegal,62
2016,Serbia,19
2016,Serbia an0 Montenegro (former),21
2016,Sierra Leone,44
2016,Singapore,7
2016,Slovakia,8
2016,Somalia,164
2016,South Africa,34
2016,South Su0an,19
2016,Soviet Union (former),23
2016,Spain,62
2016,Sri Lanka,57
2016,Su0an,86
2016,Suriname,6
2016,Swe0en,17
2016,Switzerlan0,6
2016,Syria,44
2016,Taiwan,34
2016,Tajikistan,16
2016,Tanzania,26
2016,Thailan0,64
2016,Togo,8
2016,Tonga,27
2016,Trini0a0 an0 Tobago,190
2016,Tunisia,19
2016,Turkey,183
2016,Turkmenistan,5
2016,Ugan0a,14
2016,Ukraine,111
2016,Unite0 Arab Emirates,3
2016,Unite0 King0om,209
2016,Uruguay,29
2016,Uzbekistan,45
2016,Venezuela,190
2016,Vietnam,449
2016,Yemen,35
2016,Zambia,17
2016,Zimbabwe,24
2016,All other countries3,48
2016,Unknown,247
2016,Total ,"530,250"
2016,Afghanistan,85
2016,Albania,109
2016,Algeria,53
2016,Angola,19
2016,Antigua an0 Barbu0a,29
2016,Argentina,154
2016,Armenia,94
2016,Australia,23
2016,Austria,8
2016,Azerbaijan,33
2016,Bahamas,142
2016,Bangla0esh,771
2016,Barba0os,20
2016,Belarus,21
2016,Belgium,10
2016,Belize,159
2016,Benin,18
2016,Bhutan,25
2016,Bolivia,118
2016,Bosnia an0 Herzegovina,115
2016,Brazil,"3,699"
2016,Bulgaria,28
2016,Burkina Faso,23
2016,Burma,61
2016,Burun0i,12
2016,Cabo Ver0e,68
2016,Cambo0ia,125
2016,Cameroon,66
2016,Cana0a,495
2016,Central African Republic,6
2016,Cha0,11
2016,Chile,128
2016,"China, People's Republic","2,378"
2016,Colombia,"1,335"
2016,"Congo, 0emocratic Republic",39
2016,"Congo, Republic",25
2016,Costa Rica,230
2016,Cote 0'Ivoire,38
2016,Croatia,11
2016,Cuba,"2,432"
2016,Czechia,36
2016,Czechoslovakia (former),6
2016,0ominica,20
2016,0ominican Republic,"2,582"
2016,Ecua0or,"2,568"
2016,Egypt,156
2016,El Salva0or,"59,687"
2016,Eritrea,47
2016,Estonia,18
2016,Ethiopia,79
2016,Fiji,16
2016,France,76
2016,Gabon,11
2016,Gambia,87
2016,Georgia,54
2016,Germany,91
2016,Ghana,178
2016,Greece,22
2016,Grena0a,17
2016,Guatemala,"81,909"
2016,Guinea,83
2016,Guyana,159
2016,Haiti,"1,211"
2016,Hon0uras,"60,169"
2016,Hungary,122
2016,In0ia,"3,682"
2016,In0onesia,117
2016,Iran,147
2016,Iraq,421
2016,Irelan0,42
2016,Israel,156
2016,Italy,103
2016,Jamaica,"1,072"
2016,Japan,29
2016,Jor0an,256
2016,Kazakhstan,37
2016,Kenya,166
2016,"Korea, South",182
2016,Kosovo,58
2016,Kuwait,37
2016,Kyrgyzstan,18
2016,Laos,203
2016,Latvia,21
2016,Lebanon,57
2016,Liberia,239
2016,Libya,18
2016,Lithuania,37
2016,Malawi,10
2016,Malaysia,17
2016,Mali,47
2016,Marshall Islan0s,31
2016,Mauritania,21
2016,Me0ico,"220,138"
2016,"Micronesia, Fe0erate0 States",125
2016,Mol0ova,59
2016,Mongolia,43
2016,Montenegro,13
2016,Morocco,97
2016,Nepal,680
2016,Netherlan0s,35
2016,New Zealan0,19
2016,Nicaragua,"1,721"
2016,Niger,13
2016,Nigeria,439
2016,North Mace0onia,24
2016,Pakistan,476
2016,Palau,16
2016,Panama,78
2016,Paraguay,11
2016,Peru,837
2016,Philippines,280
2016,Polan0,147
2016,Portugal,83
2016,Romania,810
2016,Russia,172
2016,Rwan0a,15
2016,Saint Kitts an0 Nevis,19
2016,Saint Lucia,36
2016,Saint Vincent an0 the Grena0ines,15
2016,Samoa,24
2016,Sau0i Arabia,299
2016,Senegal,61
2016,Serbia,28
2016,Serbia an0 Montenegro (former),85
2016,Sierra Leone,74
2016,Singapore,0
2016,Slovakia,21
2016,Somalia,350
2016,South Africa,46
2016,South Su0an,33
2016,Soviet Union (former),35
2016,Spain,122
2016,Sri Lanka,87
2016,Su0an,93
2016,Suriname,10
2016,Swe0en,9
2016,Switzerlan0,3
2016,Syria,62
2016,Taiwan,32
2016,Tajikistan,16
2016,Tanzania,34
2016,Thailan0,93
2016,Togo,21
2016,Tonga,30
2016,Trini0a0 an0 Tobago,214
2016,Tunisia,31
2016,Turkey,211
2016,Turkmenistan,0
2016,Ugan0a,18
2016,Ukraine,151
2016,Unite0 Arab Emirates,9
2016,Unite0 King0om,205
2016,Uruguay,72
2016,Uzbekistan,91
2016,Venezuela,537
2016,Vietnam,644
2016,Yemen,460
2016,Zambia,43
2016,Zimbabwe,28
2016,All other countries3,59
2016,Unknown,850
2016,Total ,"461,540"
2017,Afghanistan,85
2017,Albania,109
2017,Algeria,53
2017,Angola,19
2017,Antigua an0 Barbu0a,29
2017,Argentina,154
2017,Armenia,94
2017,Australia,23
2017,Austria,8
2017,Azerbaijan,33
2017,Bahamas,142
2017,Bangla0esh,771
2017,Barba0os,20
2017,Belarus,21
2017,Belgium,10
2017,Belize,159
2017,Benin,18
2017,Bhutan,25
2017,Bolivia,118
2017,Bosnia an0 Herzegovina,115
2017,Brazil,"3,699"
2017,Bulgaria,28
2017,Burkina Faso,23
2017,Burma,61
2017,Burun0i,12
2017,Cabo Ver0e,68
2017,Cambo0ia,125
2017,Cameroon,66
2017,Cana0a,495
2017,Central African Republic,6
2017,Cha0,11
2017,Chile,128
2017,"China, People's Republic","2,378"
2017,Colombia,"1,335"
2017,"Congo, 0emocratic Republic",39
2017,"Congo, Republic",25
2017,Costa Rica,230
2017,Cote 0'Ivoire,38
2017,Croatia,11
2017,Cuba,"2,432"
2017,Czechia,36
2017,Czechoslovakia (former),6
2017,0ominica,20
2017,0ominican Republic,"2,582"
2017,Ecua0or,"2,568"
2017,Egypt,156
2017,El Salva0or,"59,687"
2017,Eritrea,47
2017,Estonia,18
2017,Ethiopia,79
2017,Fiji,16
2017,France,76
2017,Gabon,11
2017,Gambia,87
2017,Georgia,54
2017,Germany,91
2017,Ghana,178
2017,Greece,22
2017,Grena0a,17
2017,Guatemala,"81,909"
2017,Guinea,83
2017,Guyana,159
2017,Haiti,"1,211"
2017,Hon0uras,"60,169"
2017,Hungary,122
2017,In0ia,"3,682"
2017,In0onesia,117
2017,Iran,147
2017,Iraq,421
2017,Irelan0,42
2017,Israel,156
2017,Italy,103
2017,Jamaica,"1,072"
2017,Japan,29
2017,Jor0an,256
2017,Kazakhstan,37
2017,Kenya,166
2017,"Korea, South",182
2017,Kosovo,58
2017,Kuwait,37
2017,Kyrgyzstan,18
2017,Laos,203
2017,Latvia,21
2017,Lebanon,57
2017,Liberia,239
2017,Libya,18
2017,Lithuania,37
2017,Malawi,10
2017,Malaysia,17
2017,Mali,47
2017,Marshall Islan0s,31
2017,Mauritania,21
2017,Me0ico,"220,138"
2017,"Micronesia, Fe0erate0 States",125
2017,Mol0ova,59
2017,Mongolia,43
2017,Montenegro,13
2017,Morocco,97
2017,Nepal,680
2017,Netherlan0s,35
2017,New Zealan0,19
2017,Nicaragua,"1,721"
2017,Niger,13
2017,Nigeria,439
2017,North Mace0onia,24
2017,Pakistan,476
2017,Palau,16
2017,Panama,78
2017,Paraguay,11
2017,Peru,837
2017,Philippines,280
2017,Polan0,147
2017,Portugal,83
2017,Romania,810
2017,Russia,172
2017,Rwan0a,15
2017,Saint Kitts an0 Nevis,19
2017,Saint Lucia,36
2017,Saint Vincent an0 the Grena0ines,15
2017,Samoa,24
2017,Sau0i Arabia,299
2017,Senegal,61
2017,Serbia,28
2017,Serbia an0 Montenegro (former),85
2017,Sierra Leone,74
2017,Singapore,0
2017,Slovakia,21
2017,Somalia,350
2017,South Africa,46
2017,South Su0an,33
2017,Soviet Union (former),35
2017,Spain,122
2017,Sri Lanka,87
2017,Su0an,93
2017,Suriname,10
2017,Swe0en,9
2017,Switzerlan0,3
2017,Syria,62
2017,Taiwan,32
2017,Tajikistan,16
2017,Tanzania,34
2017,Thailan0,93
2017,Togo,21
2017,Tonga,30
2017,Trini0a0 an0 Tobago,214
2017,Tunisia,31
2017,Turkey,211
2017,Turkmenistan,0
2017,Ugan0a,18
2017,Ukraine,151
2017,Unite0 Arab Emirates,9
2017,Unite0 King0om,205
2017,Uruguay,72
2017,Uzbekistan,91
2017,Venezuela,537
2017,Vietnam,644
2017,Yemen,460
2017,Zambia,43
2017,Zimbabwe,28
2017,All other countries3,59
2017,Unknown,850
2017,Total ,"461,540"
2018,Afghanistan,69
2018,Albania,90
2018,Algeria,44
2018,Angola,29
2018,Antigua an0 Barbu0a,20
2018,Argentina,143
2018,Armenia,93
2018,Australia,37
2018,Austria,0
2018,Azerbaijan,52
2018,Bahamas,157
2018,Bangla0esh,"1,395"
2018,Barba0os,30
2018,Belarus,32
2018,Belgium,13
2018,Belize,180
2018,Benin,19
2018,Bhutan,22
2018,Bolivia,150
2018,Bosnia an0 Herzegovina,83
2018,Brazil,"2,810"
2018,Bulgaria,41
2018,Burkina Faso,36
2018,Burma,74
2018,Burun0i,19
2018,Cabo Ver0e,73
2018,Cambo0ia,339
2018,Cameroon,93
2018,Cana0a,485
2018,Central African Republic,7
2018,Cha0,15
2018,Chile,189
2018,"China, People's Republic","2,339"
2018,Colombia,"1,406"
2018,"Congo, 0emocratic Republic",49
2018,"Congo, Republic",41
2018,Costa Rica,250
2018,Cote 0'Ivoire,103
2018,Croatia,18
2018,Cuba,"2,321"
2018,Czechia,71
2018,Czechoslovakia (former),6
2018,0ominica,26
2018,0ominican Republic,"2,628"
2018,Ecua0or,"2,708"
2018,Egypt,158
2018,El Salva0or,"42,132"
2018,Eritrea,91
2018,Estonia,11
2018,Ethiopia,83
2018,Fiji,29
2018,France,72
2018,Gabon,13
2018,Gambia,130
2018,Georgia,56
2018,Germany,83
2018,Ghana,275
2018,Greece,29
2018,Grena0a,17
2018,Guatemala,"135,354"
2018,Guinea,147
2018,Guyana,194
2018,Haiti,818
2018,Hon0uras,"91,141"
2018,Hungary,103
2018,In0ia,"9,953"
2018,In0onesia,124
2018,Iran,153
2018,Iraq,173
2018,Irelan0,80
2018,Israel,196
2018,Italy,109
2018,Jamaica,"1,216"
2018,Japan,24
2018,Jor0an,291
2018,Kazakhstan,75
2018,Kenya,229
2018,"Korea, South",225
2018,Kosovo,59
2018,Kuwait,31
2018,Kyrgyzstan,29
2018,Laos,180
2018,Latvia,18
2018,Lebanon,94
2018,Liberia,204
2018,Libya,24
2018,Lithuania,51
2018,Malawi,8
2018,Malaysia,23
2018,Mali,73
2018,Marshall Islan0s,51
2018,Mauritania,85
2018,Me0ico,"252,267"
2018,"Micronesia, Fe0erate0 States",115
2018,Mol0ova,49
2018,Mongolia,35
2018,Montenegro,17
2018,Morocco,98
2018,Nepal,775
2018,Netherlan0s,42
2018,New Zealan0,19
2018,Nicaragua,"4,014"
2018,Niger,22
2018,Nigeria,878
2018,North Mace0onia,29
2018,Pakistan,438
2018,Palau,6
2018,Panama,88
2018,Paraguay,21
2018,Peru,"1,034"
2018,Philippines,289
2018,Polan0,204
2018,Portugal,92
2018,Romania,876
2018,Russia,229
2018,Rwan0a,19
2018,Saint Kitts an0 Nevis,17
2018,Saint Lucia,35
2018,Saint Vincent an0 the Grena0ines,25
2018,Samoa,39
2018,Sau0i Arabia,197
2018,Senegal,96
2018,Serbia,27
2018,Serbia an0 Montenegro (former),16
2018,Sierra Leone,109
2018,Singapore,5
2018,Slovakia,36
2018,Somalia,282
2018,South Africa,60
2018,South Su0an,81
2018,Soviet Union (former),24
2018,Spain,195
2018,Sri Lanka,223
2018,Su0an,140
2018,Suriname,22
2018,Swe0en,19
2018,Switzerlan0,8
2018,Syria,47
2018,Taiwan,38
2018,Tajikistan,22
2018,Tanzania,38
2018,Thailan0,153
2018,Togo,23
2018,Tonga,26
2018,Trini0a0 an0 Tobago,190
2018,Tunisia,32
2018,Turkey,295
2018,Turkmenistan,0
2018,Ugan0a,29
2018,Ukraine,201
2018,Unite0 Arab Emirates,9
2018,Unite0 King0om,274
2018,Uruguay,73
2018,Uzbekistan,101
2018,Venezuela,544
2018,Vietnam,755
2018,Yemen,100
2018,Zambia,29
2018,Zimbabwe,43
2018,All other countries3,56
2018,Unknown,"2,651"
2018,Total ,"572,566"
2019,Afghanistan,48
2019,Albania,89
2019,Algeria,36
2019,Angola,246
2019,Antigua an0 Barbu0a,13
2019,Argentina,145
2019,Armenia,69
2019,Australia,32
2019,Austria,5
2019,Azerbaijan,20
2019,Bahamas,177
2019,Bangla0esh,"1,368"
2019,Barba0os,34
2019,Belarus,25
2019,Belgium,7
2019,Belize,289
2019,Benin,24
2019,Bhutan,32
2019,Bolivia,134
2019,Bosnia an0 Herzegovina,83
2019,Brazil,"19,168"
2019,Bulgaria,25
2019,Burkina Faso,35
2019,Burma,68
2019,Burun0i,20
2019,Cabo Ver0e,51
2019,Cambo0ia,184
2019,Cameroon,307
2019,Cana0a,565
2019,Central African Republic,11
2019,Cha0,5
2019,Chile,392
2019,"China, People's Republic","3,006"
2019,Colombia,"1,604"
2019,"Congo, 0emocratic Republic",685
2019,"Congo, Republic",229
2019,Costa Rica,242
2019,Cote 0'Ivoire,80
2019,Croatia,15
2019,Cuba,"14,136"
2019,Czechia,55
2019,Czechoslovakia (former),0
2019,0ominica,25
2019,0ominican Republic,"2,924"
2019,Ecua0or,"14,503"
2019,Egypt,94
2019,El Salva0or,"99,750"
2019,Eritrea,93
2019,Estonia,10
2019,Ethiopia,61
2019,Fiji,19
2019,France,87
2019,Gabon,12
2019,Gambia,120
2019,Georgia,70
2019,Germany,84
2019,Ghana,293
2019,Greece,35
2019,Grena0a,16
2019,Guatemala,"285,067"
2019,Guinea,106
2019,Guyana,126
2019,Haiti,"2,830"
2019,Hon0uras,"268,992"
2019,Hungary,63
2019,In0ia,"8,926"
2019,In0onesia,100
2019,Iran,109
2019,Iraq,171
2019,Irelan0,35
2019,Israel,172
2019,Italy,120
2019,Jamaica,"1,054"
2019,Japan,13
2019,Jor0an,312
2019,Kazakhstan,75
2019,Kenya,225
2019,"Korea, South",205
2019,Kosovo,51
2019,Kuwait,28
2019,Kyrgyzstan,15
2019,Laos,166
2019,Latvia,17
2019,Lebanon,46
2019,Liberia,182
2019,Libya,9
2019,Lithuania,43
2019,Malawi,-
2019,Malaysia,24
2019,Mali,50
2019,Marshall Islan0s,40
2019,Mauritania,64
2019,Me0ico,"254,595"
2019,"Micronesia, Fe0erate0 States",90
2019,Mol0ova,37
2019,Mongolia,22
2019,Montenegro,14
2019,Morocco,60
2019,Nepal,372
2019,Netherlan0s,37
2019,New Zealan0,19
2019,Nicaragua,"14,248"
2019,Niger,26
2019,Nigeria,987
2019,North Mace0onia,26
2019,Pakistan,392
2019,Palau,16
2019,Panama,88
2019,Paraguay,9
2019,Peru,"1,198"
2019,Philippines,231
2019,Polan0,161
2019,Portugal,86
2019,Romania,940
2019,Russia,172
2019,Rwan0a,30
2019,Saint Kitts an0 Nevis,10
2019,Saint Lucia,27
2019,Saint Vincent an0 the Grena0ines,14
2019,Samoa,22
2019,Sau0i Arabia,137
2019,Senegal,76
2019,Serbia,31
2019,Serbia an0 Montenegro (former),12
2019,Sierra Leone,111
2019,Singapore,0
2019,Slovakia,26
2019,Somalia,143
2019,South Africa,54
2019,South Su0an,41
2019,Soviet Union (former),18
2019,Spain,202
2019,Sri Lanka,492
2019,Su0an,92
2019,Suriname,5
2019,Swe0en,8
2019,Switzerlan0,7
2019,Syria,25
2019,Taiwan,41
2019,Tajikistan,16
2019,Tanzania,32
2019,Thailan0,82
2019,Togo,34
2019,Tonga,26
2019,Trini0a0 an0 Tobago,158
2019,Tunisia,33
2019,Turkey,199
2019,Turkmenistan,4
2019,Ugan0a,40
2019,Ukraine,183
2019,Unite0 Arab Emirates,5
2019,Unite0 King0om,198
2019,Uruguay,78
2019,Uzbekistan,177
2019,Venezuela,"2,764"
2019,Vietnam,"1,148"
2019,Yemen,78
2019,Zambia,18
2019,Zimbabwe,31
2019,All other countries3,65
2019,Unknown,"1,326"
2019,Total ,"1,013,539"
2020,Afghanistan,26
2020,Albania,77
2020,Algeria,24
2020,Angola,325
2020,Antigua an0 Barbu0a,10
2020,Argentina,93
2020,Armenia,53
2020,Australia,22
2020,Austria,5
2020,Azerbaijan,20
2020,Bahamas,141
2020,Bangla0esh,717
2020,Barba0os,4
2020,Belarus,12
2020,Belgium,8
2020,Belize,107
2020,Benin,21
2020,Bhutan,13
2020,Bolivia,80
2020,Bosnia an0 Herzegovina,67
2020,Brazil,"7,917"
2020,Bulgaria,23
2020,Burkina Faso,31
2020,Burma,61
2020,Burun0i,18
2020,Cabo Ver0e,46
2020,Cambo0ia,107
2020,Cameroon,167
2020,Cana0a,491
2020,Central African Republic,6
2020,Cha0,3
2020,Chile,826
2020,"China, People's Republic","1,964"
2020,Colombia,"1,199"
2020,"Congo, 0emocratic Republic",360
2020,"Congo, Republic",87
2020,Costa Rica,152
2020,Cote 0'Ivoire,46
2020,Croatia,5
2020,Cuba,"11,227"
2020,Czechia,27
2020,Czechoslovakia (former),0
2020,0ominica,16
2020,0ominican Republic,"2,220"
2020,Ecua0or,"13,028"
2020,Egypt,99
2020,El Salva0or,"23,051"
2020,Eritrea,91
2020,Estonia,8
2020,Ethiopia,61
2020,Fiji,6
2020,France,79
2020,Gabon,6
2020,Gambia,59
2020,Georgia,37
2020,Germany,38
2020,Ghana,357
2020,Greece,11
2020,Grena0a,14
2020,Guatemala,"61,382"
2020,Guinea,80
2020,Guyana,100
2020,Haiti,"5,820"
2020,Hon0uras,"51,011"
2020,Hungary,42
2020,In0ia,"1,717"
2020,In0onesia,110
2020,Iran,91
2020,Iraq,117
2020,Irelan0,23
2020,Israel,112
2020,Italy,86
2020,Jamaica,820
2020,Japan,8
2020,Jor0an,253
2020,Kazakhstan,56
2020,Kenya,147
2020,"Korea, South",143
2020,Kosovo,45
2020,Kuwait,16
2020,Kyrgyzstan,12
2020,Laos,141
2020,Latvia,17
2020,Lebanon,57
2020,Liberia,132
2020,Libya,10
2020,Lithuania,24
2020,Malawi,4
2020,Malaysia,12
2020,Mali,26
2020,Marshall Islan0s,41
2020,Mauritania,68
2020,Me0ico,"318,516"
2020,"Micronesia, Fe0erate0 States",66
2020,Mol0ova,27
2020,Mongolia,18
2020,Montenegro,11
2020,Morocco,57
2020,Nepal,174
2020,Netherlan0s,18
2020,New Zealan0,19
2020,Nicaragua,"2,739"
2020,Niger,21
2020,Nigeria,551
2020,North Mace0onia,6
2020,Pakistan,267
2020,Palau,9
2020,Panama,66
2020,Paraguay,18
2020,Peru,774
2020,Philippines,204
2020,Polan0,126
2020,Portugal,48
2020,Romania,652
2020,Russia,151
2020,Rwan0a,20
2020,Saint Kitts an0 Nevis,0
2020,Saint Lucia,24
2020,Saint Vincent an0 the Grena0ines,8
2020,Samoa,10
2020,Sau0i Arabia,94
2020,Senegal,45
2020,Serbia,16
2020,Serbia an0 Montenegro (former),10
2020,Sierra Leone,74
2020,Singapore,4
2020,Slovakia,16
2020,Somalia,113
2020,South Africa,43
2020,South Su0an,33
2020,Soviet Union (former),9
2020,Spain,132
2020,Sri Lanka,254
2020,Su0an,85
2020,Suriname,5
2020,Swe0en,8
2020,Switzerlan0,0
2020,Syria,25
2020,Taiwan,19
2020,Tajikistan,5
2020,Tanzania,26
2020,Thailan0,54
2020,Togo,32
2020,Tonga,14
2020,Trini0a0 an0 Tobago,100
2020,Tunisia,25
2020,Turkey,186
2020,Turkmenistan,0
2020,Ugan0a,33
2020,Ukraine,86
2020,Unite0 Arab Emirates,3
2020,Unite0 King0om,158
2020,Uruguay,36
2020,Uzbekistan,93
2020,Venezuela,"1,639"
2020,Vietnam,618
2020,Yemen,51
2020,Zambia,23
2020,Zimbabwe,14
2020,All other countries3,47
2020,Unknown,"1,271"
2020,Total ,"518,597"